Admin Login,Careers Application,Manual Lead Entry,Door Hanger Offer,Home Page Estimate,Contact Page Estimate,Handyman Estimate,Fence Estimate,Painting Estimate,Drywall Estimate,Fence Repair Estimate,Deck Fence Staining Estimate,Door Repair Installation Estimate,Flooring Estimate,Framing Estimate,Furniture Assembly Estimate,Honey Do Estimate,Pergolas Estimate,Property Manager Application,Rental Ready Maintenance Estimate,Roofing Estimate,Shed Building Estimate,Siding Estimate,Trim Baseboard Installation Estimate,TV Mounting Estimate,Landing Page Estimate Template,Property Manager Maintenance Request
,access_key,access_key,access_key,access_key,access_key,access_key,access_key,access_key,access_key,access_key,access_key,access_key,access_key,access_key,access_key,access_key,access_key,access_key,access_key,access_key,access_key,access_key,access_key,access_key,access_key,access_key
,subject,subject,subject,subject,subject,subject,subject,subject,subject,subject,subject,subject,subject,subject,subject,subject,subject,subject,subject,subject,subject,subject,subject,subject,subject,subject
,from_name,from_name,from_name,from_name,from_name,from_name,from_name,from_name,from_name,from_name,from_name,from_name,from_name,from_name,from_name,from_name,from_name,from_name,from_name,from_name,from_name,from_name,from_name,from_name,from_name,from_name
,form_id,form_id,form_id,form_id,form_id,form_id,form_id,form_id,form_id,form_id,form_id,form_id,form_id,form_id,form_id,form_id,form_id,form_id,form_id,form_id,form_id,form_id,form_id,form_id,form_id,form_id
,form_name,form_name,form_name,form_name,form_name,form_name,form_name,form_name,form_name,form_name,form_name,form_name,form_name,form_name,form_name,form_name,form_name,form_name,form_name,form_name,form_name,form_name,form_name,form_name,form_name,form_name
,form_source,form_source,form_source,form_source,form_source,form_source,form_source,form_source,form_source,form_source,form_source,form_source,form_source,form_source,form_source,form_source,form_source,form_source,form_source,form_source,form_source,form_source,form_source,form_source,form_source,form_source
,page_url,page_url,page_url,page_url,page_url,page_url,page_url,page_url,page_url,page_url,page_url,page_url,page_url,page_url,page_url,page_url,page_url,page_url,page_url,page_url,page_url,page_url,page_url,page_url,page_url,page_url
,service_category,service_category,service_category,service_category,service_category,service_category,service_category,service_category,service_category,service_category,service_category,service_category,service_category,service_category,service_category,service_category,service_category,service_category,service_category,service_category,service_category,service_category,service_category,service_category,service_category,service_category
,lead_source,lead_source,lead_source,lead_source,lead_source,lead_source,lead_source,lead_source,lead_source,lead_source,lead_source,lead_source,lead_source,lead_source,lead_source,lead_source,lead_source,lead_source,lead_source,lead_source,lead_source,lead_source,lead_source,lead_source,lead_source,lead_source
,,send_starting_text,,,,,,,,,,,,,,,,,,,,,,,,
,,starting_text_message,starting_text_message,starting_text_message,starting_text_message,starting_text_message,starting_text_message,starting_text_message,starting_text_message,starting_text_message,starting_text_message,starting_text_message,starting_text_message,starting_text_message,starting_text_message,starting_text_message,starting_text_message,starting_text_message,starting_text_message,starting_text_message,starting_text_message,starting_text_message,starting_text_message,starting_text_message,starting_text_message,starting_text_message
,redirect,redirect,redirect,redirect,redirect,redirect,redirect,redirect,redirect,redirect,redirect,redirect,redirect,redirect,redirect,redirect,redirect,redirect,redirect,redirect,redirect,redirect,redirect,redirect,redirect,redirect
,botcheck,botcheck,botcheck,botcheck,botcheck,botcheck,botcheck,botcheck,botcheck,botcheck,botcheck,botcheck,botcheck,botcheck,botcheck,botcheck,botcheck,botcheck,botcheck,botcheck,botcheck,botcheck,botcheck,botcheck,botcheck,botcheck
,first_name,first_name,first_name,first_name,first_name,first_name,first_name,first_name,first_name,first_name,first_name,first_name,first_name,first_name,first_name,first_name,first_name,first_name,first_name,first_name,first_name,first_name,first_name,first_name,first_name,first_name
,last_name,last_name,last_name,last_name,last_name,last_name,last_name,last_name,last_name,last_name,last_name,last_name,last_name,last_name,last_name,last_name,last_name,last_name,last_name,last_name,last_name,last_name,last_name,last_name,last_name,last_name
,phone,phone,phone,phone,phone,phone,phone,phone,phone,phone,phone,phone,phone,phone,phone,phone,phone,phone,phone,phone,phone,phone,phone,phone,phone,phone
,email,email,email,,email,email,email,email,email,email,email,email,email,email,email,email,email,email,email,email,email,email,email,email,email,email
,,project_address,project_address,,project_address,project_address,project_address,project_address,project_address,project_address,project_address,project_address,project_address,project_address,project_address,project_address,project_address,project_address,project_address,project_address,project_address,project_address,project_address,project_address,project_address,project_address
,,project_description,project_description,project_description,project_description,project_description,project_description,project_description,project_description,project_description,project_description,project_description,project_description,project_description,project_description,project_description,project_description,project_description,project_description,project_description,project_description,project_description,project_description,project_description,project_description,project_description
,,preferred_timeline,preferred_timeline,,preferred_timeline,preferred_timeline,preferred_timeline,preferred_timeline,preferred_timeline,preferred_timeline,preferred_timeline,preferred_timeline,preferred_timeline,preferred_timeline,preferred_timeline,preferred_timeline,preferred_timeline,preferred_timeline,preferred_timeline,preferred_timeline,preferred_timeline,preferred_timeline,preferred_timeline,preferred_timeline,preferred_timeline,preferred_timeline
,,discount_code,discount_code,,,,,,,,,,,,,,,,,,,,,,,
,,offer_detail,offer_detail,,,,,,,,,,,,,,,,,,,,,,,
,,offer_terms,offer_terms,,,,,,,,,,,,,,,,,,,,,,,
,role_applied_for,,,,,,,,,,,,,,,,,,,,,,,,,
,applicant_city,,,,,,,,,,,,,,,,,,,,,,,,,
,applicant_experience_example,,,,,,,,,,,,,,,,,,,,,,,,,
,start_date,,,,,,,,,,,,,,,,,,,,,,,,,
,preferred_compensation,,,,,,,,,,,,,,,,,,,,,,,,,
,resume_link,,,,,,,,,,,,,,,,,,,,,,,,,
,,employee_name,,,,,,,,,,,,,,,,,,,,,,,,
username,,,,,,,,,,,,,,,,,,,,,,,,,,
password,,,,,,,,,,,,,,,,,,,,,,,,,,
,,,,,,,,,,,,,,,,,,,,,,,,,,company_name
,,,,,,,,,,,,,,,,,,,,,,,,,,preferred_contact_method
,,,,,,,,,,,,,,,,,,,,,,,,,,project_city
,,,,,,,,,,,,,,,,,,,,,,,,,,project_state
,,,,,,,,,,,,,,,,,,,,,,,,,,project_zip
,,,,,,,,,,,,,,,,,,,,,,,,,,property_type
,,,,,,,,,,,,,,,,,,,,,,,,,,tenant_status
,,,,,,,,,,,,,,,,,,,,,,,,,,request_type
,,,,,,,,,,,,,,,,,,,,,,,,,,urgency
,,,,,,,,,,,,,,,,,,,,,,,,,,authorization_limit
,,,,,,,,,,,,,,,,,,,,,,,,,,entry_instructions
