Form,Page,form_id,Subject
Home Page Estimate,index.html,home_page_estimate,A Team Lead | Home Page Estimate
Contact Page Estimate,pages/contact.html,contact_page,A Team Lead | Contact Page Estimate
Friend Referral,pages/referral.html,friend_referral,A Team Lead | Friend Referral
Door Hanger Offer,door.html,door_hanger_offer,A Team Lead | Door Hanger Offer
Manual Lead Entry,pages/manual-lead-entry.html,manual_lead_entry,A Team Lead | Manual Lead Entry
Careers Application,pages/careers.html,careers_application,A Team Careers | New Job Applicant
Handyman Estimate,pages/landing/handyman.html,handyman_estimate,A Team Lead | Handyman Estimate
Fence Estimate,pages/landing/fences.html,fence_estimate,A Team Lead | Fence Estimate
Painting Estimate,pages/landing/painting.html,painting_estimate,A Team Lead | Painting Estimate
Drywall Estimate,pages/landing/drywall-repair.html,drywall_repair_estimate,A Team Lead | Drywall Estimate
Fence Repair Estimate,pages/landing/fence-repair.html,fence_repair_estimate,A Team Lead | Fence Repair Estimate
Deck Fence Staining Estimate,pages/landing/deck-fence-staining.html,deck_fence_staining_estimate,A Team Lead | Deck Fence Staining Estimate
Door Repair Installation Estimate,pages/landing/door-repair-installation.html,door_repair_installation_estimate,A Team Lead | Door Repair Installation Estimate
Flooring Estimate,pages/landing/flooring.html,flooring_estimate,A Team Lead | Flooring Estimate
Framing Estimate,pages/landing/framing.html,framing_estimate,A Team Lead | Framing Estimate
Furniture Assembly Estimate,pages/landing/furniture-assembly.html,furniture_assembly_estimate,A Team Lead | Furniture Assembly Estimate
Honey Do Estimate,pages/landing/honey-do.html,honey_do_estimate,A Team Lead | Honey Do Estimate
Pergolas Estimate,pages/landing/pergolas.html,pergolas_estimate,A Team Lead | Pergolas Estimate
Property Manager Application,pages/landing/property-manager-portal.html,property_manager_application,A Team Lead | Property Manager Application
Property Manager Maintenance Request,pages/property-manager-maintenance-request.html,property_manager_maintenance_request,A Team Lead | Property Manager Maintenance Request
Rental Ready Maintenance Estimate,pages/landing/rental-ready-maintenance.html,rental_ready_maintenance_estimate,A Team Lead | Rental Ready Maintenance Estimate
Roofing Estimate,pages/landing/roofing.html,roofing_estimate,A Team Lead | Roofing Estimate
Shed Building Estimate,pages/landing/shed-building.html,shed_building_estimate,A Team Lead | Shed Building Estimate
Siding Estimate,pages/landing/siding.html,siding_estimate,A Team Lead | Siding Estimate
Trim Baseboard Installation Estimate,pages/landing/trim-baseboard-installation.html,trim_baseboard_installation_estimate,A Team Lead | Trim Baseboard Installation Estimate
TV Mounting Estimate,pages/landing/tv-mounting.html,tv_mounting_estimate,A Team Lead | TV Mounting Estimate
Admin Login,pages/admin-login.html,admin_login,
